Team,Season,Player
Afreeca Freecs,S6,Ikssu
Afreeca Freecs,S6,Lira
Afreeca Freecs,S6,Mickey
Afreeca Freecs,S6,Sangyoon
Afreeca Freecs,S6,SnowFlower
Afreeca Freecs,S6,Lindarang
Afreeca Freecs,S6,SeongHwan
CJ Entus,S6,Shy
CJ Entus,S6,Haru
CJ Entus,S6,Bdd
CJ Entus,S6,Kramer
CJ Entus,S6,MadLife
CJ Entus,S6,Untara
CJ Entus,S6,Bubbling
CJ Entus,S6,Sky
CJ Entus,S6,Ghost
ESC Ever,S6,Crazy
ESC Ever,S6,Bless
ESC Ever,S6,Tempt
ESC Ever,S6,LokeN
ESC Ever,S6,Totoro
ESC Ever,S6,Firetrap
ESC Ever,S6,Ares
ESC Ever,S6,Athena
ESC Ever,S6,KeY
Jin Air Green Wings,S6,TrAce
Jin Air Green Wings,S6,Winged
Jin Air Green Wings,S6,Kuzan
Jin Air Green Wings,S6,Pilot
Jin Air Green Wings,S6,Chei
Jin Air Green Wings,S6,SoHwan
Jin Air Green Wings,S6,Blanc
Jin Air Green Wings,S6,Sweet
Kongdoo Monster,S6,Roach
Kongdoo Monster,S6,Punch
Kongdoo Monster,S6,Edge
Kongdoo Monster,S6,Ssol
Kongdoo Monster,S6,GuGer
Kongdoo Monster,S6,Hipo
Kongdoo Monster,S6,Crush
KT Rolster,S6,ssumday
KT Rolster,S6,Score
KT Rolster,S6,Fly
KT Rolster,S6,Arrow
KT Rolster,S6,Comeback
KT Rolster,S6,IgNar
Longzhu Gaming,S6,Expession
Longzhu Gaming,S6,Crash
Longzhu Gaming,S6,Frozen
Longzhu Gaming,S6,Fury
Longzhu Gaming,S6,Pure
Longzhu Gaming,S6,Flame
Longzhu Gaming,S6,Chaser
Longzhu Gaming,S6,CoCo
Longzhu Gaming,S6,Cpt Jack
Longzhu Gaming,S6,Emperor
Longzhu Gaming,S6,Zzus
MVP,S6,ADD
MVP,S6,Beyond
MVP,S6,Ian
MVP,S6,MaHa
MVP,S6,Max
ROX Tigers,S6,Smeb
ROX Tigers,S6,Peanut
ROX Tigers,S6,kurO
ROX Tigers,S6,PraY
ROX Tigers,S6,GorillA
ROX Tigers,S6,Cry
Samsung Galaxy,S6,CuVee
Samsung Galaxy,S6,Ambition
Samsung Galaxy,S6,Crown
Samsung Galaxy,S6,Ruler
Samsung Galaxy,S6,CoreJJ
Samsung Galaxy,S6,Helper
Samsung Galaxy,S6,CoreJJ
Samsung Galaxy,S6,Stitch
Samsung Galaxy,S6,Wraith
SBENU Sonicboom,S6,Soul
SBENU Sonicboom,S6,Flawless
SBENU Sonicboom,S6,SaSin
SBENU Sonicboom,S6,Nuclear
SBENU Sonicboom,S6,Lehends
SBENU Sonicboom,S6,SoaR
SBENU Sonicboom,S6,Secret
SK Telecom T1,S6,Duke
SK Telecom T1,S6,bengi
SK Telecom T1,S6,Faker
SK Telecom T1,S6,Bang
SK Telecom T1,S6,Wolf
SK Telecom T1,S6,blank
SK Telecom T1,S6,Scout
Afreeca Freecs,S7,MaRin
Afreeca Freecs,S7,Spirit
Afreeca Freecs,S7,kurO
Afreeca Freecs,S7,Kramer
Afreeca Freecs,S7,TusiN
Afreeca Freecs,S7,Mowgli
bbq Olivers,S7,Crazy
bbq Olivers,S7,bono
bbq Olivers,S7,Tempt
bbq Olivers,S7,Ghost
bbq Olivers,S7,Totoro
bbq Olivers,S7,Part
bbq Olivers,S7,Bless
CJ Entus,S7,Soul
CJ Entus,S7,Winged
CJ Entus,S7,Candy
CJ Entus,S7,Veritas
CJ Entus,S7,Pure
Ever8 Winners,S7,Kiin
Ever8 Winners,S7,Malrang
Ever8 Winners,S7,Cepted
Ever8 Winners,S7,Deul
Ever8 Winners,S7,Ella
Ever8 Winners,S7,Helper
Ever8 Winners,S7,Comeback
Ever8 Winners,S7,Comeback
Jin Air Green Wings,S7,SoHwan
Jin Air Green Wings,S7,UmTi
Jin Air Green Wings,S7,Kuzan
Jin Air Green Wings,S7,Teddy
Jin Air Green Wings,S7,SnowFlower
Jin Air Green Wings,S7,Ikssu
Jin Air Green Wings,S7,Raise
Kongdoo Monster,S7,Roach
Kongdoo Monster,S7,Punch
Kongdoo Monster,S7,Edge
Kongdoo Monster,S7,Ssol
Kongdoo Monster,S7,Secret
Kongdoo Monster,S7,GuGer
KT Rolster,S7,Smeb
KT Rolster,S7,Score
KT Rolster,S7,PawN
KT Rolster,S7,Deft
KT Rolster,S7,Mata
Longzhu Gaming,S7,Khan
Longzhu Gaming,S7,Cuzz
Longzhu Gaming,S7,Bdd
Longzhu Gaming,S7,PraY
Longzhu Gaming,S7,GorillA
Longzhu Gaming,S7,Expession
Longzhu Gaming,S7,Rascal
Longzhu Gaming,S7,Crash
Longzhu Gaming,S7,Fly
MVP,S7,ADD
MVP,S7,Beyond
MVP,S7,Ian
MVP,S7,MaHa
MVP,S7,Max
ROX Tigers,S7,Lindarang
ROX Tigers,S7,SeongHwan
ROX Tigers,S7,Lava
ROX Tigers,S7,Sangyoon
ROX Tigers,S7,KeY
ROX Tigers,S7,Shy
ROX Tigers,S7,Mightybear
ROX Tigers,S7,Mickey
ROX Tigers,S7,Crow
Samsung Galaxy,S7,CuVee
Samsung Galaxy,S7,Ambition
Samsung Galaxy,S7,Crown
Samsung Galaxy,S7,Ruler
Samsung Galaxy,S7,CoreJJ
Samsung Galaxy,S7,Haru
Samsung Galaxy,S7,Stitch
Samsung Galaxy,S7,Wraith
SK Telecom T1,S7,Huni
SK Telecom T1,S7,blank
SK Telecom T1,S7,Faker
SK Telecom T1,S7,Bang
SK Telecom T1,S7,Wolf
SK Telecom T1,S7,Profit
SK Telecom T1,S7,Untara
SK Telecom T1,S7,Peanut
Afreeca Freecs,S8,Kiin
Afreeca Freecs,S8,Spirit
Afreeca Freecs,S8,kurO
Afreeca Freecs,S8,Kramer
Afreeca Freecs,S8,TusiN
Afreeca Freecs,S8,Summit
Afreeca Freecs,S8,Mowgli
Afreeca Freecs,S8,Aiming
Afreeca Freecs,S8,Kramer
Afreeca Freecs,S8,Spirit
Afreeca Freecs,S8,Aiming
Afreeca Freecs,S8,kurO
bbq Olivers,S8,Crazy
bbq Olivers,S8,Trick
bbq Olivers,S8,Tempt
bbq Olivers,S8,Ghost
bbq Olivers,S8,IgNar
bbq Olivers,S8,bono
bbq Olivers,S8,Prince
bbq Olivers,S8,Totoro
DAMWON Gaming,S8,Nuguri
DAMWON Gaming,S8,Punch
DAMWON Gaming,S8,ShowMaker
DAMWON Gaming,S8,Nuclear
DAMWON Gaming,S8,Hoit
DAMWON Gaming,S8,Crush
DAMWON Gaming,S8,Alive
Ever8 Winners,S8,WooFe
Ever8 Winners,S8,Hoglet
Ever8 Winners,S8,ALL IN
Ever8 Winners,S8,HyBrid
Ever8 Winners,S8,Luci
Ever8 Winners,S8,Kiin
Ever8 Winners,S8,Malrang
Ever8 Winners,S8,Kuma
Ever8 Winners,S8,Cepted
Ever8 Winners,S8,Deul
Ever8 Winners,S8,Aegis
Gen.G eSports,S8,CuVee
Gen.G eSports,S8,Haru
Gen.G eSports,S8,Crown
Gen.G eSports,S8,Ruler
Gen.G eSports,S8,CoreJJ
Gen.G eSports,S8,Mong
Gen.G eSports,S8,Ambition
Gen.G eSports,S8,Ruler
Gen.G eSports,S8,Fly
Gen.G eSports,S8,Ambition
Gen.G eSports,S8,Fly
Griffin,S8,Sw0rd
Griffin,S8,Tarzan
Griffin,S8,Chovy
Griffin,S8,Viper
Griffin,S8,Lehends
Griffin,S8,Viper
Griffin,S8,Rather
Griffin,S8,Tarzan
Griffin,S8,Chovy
Griffin,S8,Rather
Hanwha Life eSports,S8,Lindarang
Hanwha Life eSports,S8,SeongHwan
Hanwha Life eSports,S8,Lava
Hanwha Life eSports,S8,Sangyoon
Hanwha Life eSports,S8,KeY
Hanwha Life eSports,S8,Brook
Hanwha Life eSports,S8,Sangyoon
Hanwha Life eSports,S8,Mightybear
Hanwha Life eSports,S8,SeongHwan
Hanwha Life eSports,S8,Kuzan
Hanwha Life eSports,S8,Lava
Hanwha Life eSports,S8,Clever
Hanwha Life eSports,S8,Asper
Jin Air Green Wings,S8,SoHwan
Jin Air Green Wings,S8,UmTi
Jin Air Green Wings,S8,Grace
Jin Air Green Wings,S8,Teddy
Jin Air Green Wings,S8,Nova
Jin Air Green Wings,S8,KaKAO
Jin Air Green Wings,S8,Yaharong
Jin Air Green Wings,S8,Justice
Jin Air Green Wings,S8,SnowFlower
Jin Air Green Wings,S8,Wraith
Kingzone DragonX,S8,Rascal
Kingzone DragonX,S8,Cuzz
Kingzone DragonX,S8,Bdd
Kingzone DragonX,S8,PraY
Kingzone DragonX,S8,GorillA
Kingzone DragonX,S8,Khan
Kingzone DragonX,S8,Peanut
Kingzone DragonX,S8,PraY
Kingzone DragonX,S8,Bdd
Kingzone DragonX,S8,Cuzz
Kingzone DragonX,S8,Peanut
Kingzone DragonX,S8,Bdd
Kongdoo Monster,S8,Roach
Kongdoo Monster,S8,U Jun
Kongdoo Monster,S8,Edge
Kongdoo Monster,S8,Ssol
Kongdoo Monster,S8,Secret
Kongdoo Monster,S8,Raise
KSV eSports,S8,CuVee
KSV eSports,S8,Ambition
KSV eSports,S8,Crown
KSV eSports,S8,Ruler
KSV eSports,S8,CoreJJ
KSV eSports,S8,Haru
KT Rolster,S8,Smeb
KT Rolster,S8,Score
KT Rolster,S8,Ucal
KT Rolster,S8,Deft
KT Rolster,S8,Mata
KT Rolster,S8,kingen
KT Rolster,S8,Rush
KT Rolster,S8,PawN
MVP,S8,ADD
MVP,S8,Yondu
MVP,S8,Ian
MVP,S8,Pilot
MVP,S8,Max
MVP,S8,MaHa
MVP,S8,Max
MVP,S8,Beyond
MVP,S8,MaHa
MVP,S8,Motive
ROX Tigers,S8,Lindarang
ROX Tigers,S8,SeongHwan
ROX Tigers,S8,Lava
ROX Tigers,S8,Sangyoon
ROX Tigers,S8,KeY
ROX Tigers,S8,Mightybear
ROX Tigers,S8,Kuzan
SK Telecom T1,S8,Untara
SK Telecom T1,S8,blank
SK Telecom T1,S8,Faker
SK Telecom T1,S8,Bang
SK Telecom T1,S8,Effort
SK Telecom T1,S8,Thal
SK Telecom T1,S8,Wolf
SK Telecom T1,S8,Blossom
SK Telecom T1,S8,Bang
SK Telecom T1,S8,Pirean
SK Telecom T1,S8,blank
SK Telecom T1,S8,Leo
SK Telecom T1,S8,Faker
SK Telecom T1,S8,Wolf
Team Battlecomics,S8,SoaR
Team Battlecomics,S8,OnFleek
Team Battlecomics,S8,Dove
Team Battlecomics,S8,Hollow
Team Battlecomics,S8,Joker
Team Battlecomics,S8,Hipo
Team Battlecomics,S8,Ryan
Afreeca Freecs,S9,Kiin
Afreeca Freecs,S9,Dread
Afreeca Freecs,S9,Ucal
Afreeca Freecs,S9,Aiming
Afreeca Freecs,S9,Keshi
Afreeca Freecs,S9,Spirit
Afreeca Freecs,S9,ALL IN
Afreeca Freecs,S9,Brook
Afreeca Freecs,S9,Spirit
Afreeca Freecs,S9,Ssol
Afreeca Freecs,S9,Jelly
Afreeca Freecs,S9,Proud
Afreeca Freecs,S9,Spirit
APK Prince,S9,Ikssu
APK Prince,S9,KaKAO
APK Prince,S9,Cover
APK Prince,S9,Trigger
APK Prince,S9,Secret
DAMWON Gaming,S9,Nuguri
DAMWON Gaming,S9,Canyon
DAMWON Gaming,S9,ShowMaker
DAMWON Gaming,S9,Nuclear
DAMWON Gaming,S9,BeryL
DAMWON Gaming,S9,Flame
DAMWON Gaming,S9,Punch
DAMWON Gaming,S9,Prince
DAMWON Gaming,S9,Hoit
ES Sharks,S9,Jisu
ES Sharks,S9,Patch
ES Sharks,S9,Kuzan
ES Sharks,S9,Light
ES Sharks,S9,GuGer
Gen.G eSports,S9,CuVee
Gen.G eSports,S9,Peanut
Gen.G eSports,S9,Roach
Gen.G eSports,S9,Ruler
Gen.G eSports,S9,Life
Gen.G eSports,S9,Roach
Gen.G eSports,S9,SeongHwan
Gen.G eSports,S9,Fly
Gen.G eSports,S9,Kuzan
Gen.G eSports,S9,Rich
Griffin,S9,Sw0rd
Griffin,S9,Tarzan
Griffin,S9,Chovy
Griffin,S9,Viper
Griffin,S9,Lehends
Griffin,S9,Doran
Griffin,S9,Kabbie
Hanwha Life eSports,S9,SoHwan
Hanwha Life eSports,S9,bono
Hanwha Life eSports,S9,Tempt
Hanwha Life eSports,S9,Sangyoon
Hanwha Life eSports,S9,KeY
Hanwha Life eSports,S9,Thal
Hanwha Life eSports,S9,MooJin
Hanwha Life eSports,S9,Lava
Jin Air Green Wings,S9,TaNa
Jin Air Green Wings,S9,Malrang
Jin Air Green Wings,S9,Grace
Jin Air Green Wings,S9,Route
Jin Air Green Wings,S9,Kellin
Jin Air Green Wings,S9,Lindarang
Jin Air Green Wings,S9,CheonGo
Jin Air Green Wings,S9,Grace
Jin Air Green Wings,S9,Seize
Jin Air Green Wings,S9,CheonGo
Jin Air Green Wings,S9,Stitch
Jin Air Green Wings,S9,Nova
Kingzone DragonX,S9,Rascal
Kingzone DragonX,S9,Cuzz
Kingzone DragonX,S9,Naehyun
Kingzone DragonX,S9,Deft
Kingzone DragonX,S9,TusiN
Kingzone DragonX,S9,PawN
KT Rolster,S9,kingen
KT Rolster,S9,Score
KT Rolster,S9,Bdd
KT Rolster,S9,PraY
KT Rolster,S9,SnowFlower
KT Rolster,S9,Smeb
KT Rolster,S9,UmTi
KT Rolster,S9,Zenit
KT Rolster,S9,Gango
KT Rolster,S9,Mia
Sandbox Gaming,S9,Summit
Sandbox Gaming,S9,OnFleek
Sandbox Gaming,S9,Dove
Sandbox Gaming,S9,Ghost
Sandbox Gaming,S9,Joker
Sandbox Gaming,S9,Wizer
Sandbox Gaming,S9,Crush
SK Telecom T1,S9,Khan
SK Telecom T1,S9,Clid
SK Telecom T1,S9,Faker
SK Telecom T1,S9,Teddy
SK Telecom T1,S9,Mata
SK Telecom T1,S9,Haru
SK Telecom T1,S9,Gori
SK Telecom T1,S9,Effort
Team Dynamics,S9,Jisu
Team Dynamics,S9,Jin0
Team Dynamics,S9,Ggoong
Team Dynamics,S9,Light
Team Dynamics,S9,GuGer
VSG,S9,SoaR
VSG,S9,Ryan
VSG,S9,Ruby
VSG,S9,Veritas
VSG,S9,Pure
VSG,S9,Riris
VSG,S9,Mightybear
VSG,S9,reM
VSG,S9,Moo
VSG,S9,Minit
Afreeca Freecs,S10,Kiin
Afreeca Freecs,S10,Spirit
Afreeca Freecs,S10,Fly
Afreeca Freecs,S10,Mystic
Afreeca Freecs,S10,Ben
Afreeca Freecs,S10,Fly
Afreeca Freecs,S10,Dread
Afreeca Freecs,S10,ALL IN
Afreeca Freecs,S10,Kiin
Afreeca Freecs,S10,Ssol
Afreeca Freecs,S10,Jelly
Afreeca Freecs,S10,Jelly
Afreeca Freecs,S10,Mystic
DAMWON Gaming,S10,Nuguri
DAMWON Gaming,S10,Canyon
DAMWON Gaming,S10,ShowMaker
DAMWON Gaming,S10,Ghost
DAMWON Gaming,S10,BeryL
DAMWON Gaming,S10,Nuclear
DAMWON Gaming,S10,BeryL
DAMWON Gaming,S10,Hoit
DAMWON Gaming,S10,Nuclear
DAMWON Gaming,S10,Ghost
DragonX,S10,Doran
DragonX,S10,Pyosik
DragonX,S10,Chovy
DragonX,S10,Deft
DragonX,S10,Keria
DragonX,S10,Chovy
DragonX,S10,Quad
DragonX,S10,Keria
DragonX,S10,Deft
ESC Shane,S10,LaPis
ESC Shane,S10,Lia
ESC Shane,S10,Jool
ESC Shane,S10,Bini
ESC Shane,S10,Harp
ESC Shane,S10,Thal
ESC Shane,S10,Garou
ESC Shane,S10,KaKAO
ESC Shane,S10,DanChung
ESC Shane,S10,Rain
ESC Shane,S10,Sangyoon
ESC Shane,S10,Nova
ESC Shane,S10,Harp
ESC Shane,S10,Mocha
ESC Shane,S10,Nova
ESC Shane,S10,Sangyoon
ESC Shane,S10,Bini
Gen.G eSports,S10,Rascal
Gen.G eSports,S10,Clid
Gen.G eSports,S10,Bdd
Gen.G eSports,S10,Ruler
Gen.G eSports,S10,Life
Gen.G eSports,S10,Life
Gen.G eSports,S10,Kellin
Gen.G eSports,S10,Ruler
Griffin,S10,Hoya
Griffin,S10,Citrus
Griffin,S10,Naehyun
Griffin,S10,Wayne
Griffin,S10,Yusin
Griffin,S10,Untara
Griffin,S10,Sw0rd
Griffin,S10,Tarzan
Griffin,S10,Ucal
Griffin,S10,Viper
Griffin,S10,Kabbie
Griffin,S10,Kabbie
Griffin,S10,Viper
Griffin,S10,Wadid
Hanwha Life eSports,S10,DuDu
Hanwha Life eSports,S10,CAD
Hanwha Life eSports,S10,Mireu
Hanwha Life eSports,S10,Viper
Hanwha Life eSports,S10,Lehends
Hanwha Life eSports,S10,CuVee
Hanwha Life eSports,S10,Haru
Hanwha Life eSports,S10,YoungJae
Hanwha Life eSports,S10,Tempt
Hanwha Life eSports,S10,Lava
Hanwha Life eSports,S10,Lava
Hanwha Life eSports,S10,Vsta
Hanwha Life eSports,S10,Zenit
Hanwha Life eSports,S10,Lehends
Hanwha Life eSports,S10,Vsta
Hanwha Life eSports,S10,Lava
KT Rolster,S10,Smeb
KT Rolster,S10,bono
KT Rolster,S10,Ucal
KT Rolster,S10,Aiming
KT Rolster,S10,TusiN
KT Rolster,S10,Ray
KT Rolster,S10,SoHwan
KT Rolster,S10,Malrang
KT Rolster,S10,kurO
KT Rolster,S10,TusiN
KT Rolster,S10,Smeb
KT Rolster,S10,Aiming
KT Rolster,S10,Smeb
Sandbox Gaming,S10,Summit
Sandbox Gaming,S10,OnFleek
Sandbox Gaming,S10,FATE
Sandbox Gaming,S10,Route
Sandbox Gaming,S10,GorillA
Sandbox Gaming,S10,Lonely
Sandbox Gaming,S10,Punch
Sandbox Gaming,S10,Dove
Sandbox Gaming,S10,Leo
Sandbox Gaming,S10,GorillA
Sandbox Gaming,S10,Joker
Sandbox Gaming,S10,Leo
Sandbox Gaming,S10,Route
Sandbox Gaming,S10,Kabbie
SeolHaeOne Prince,S10,Ikssu
SeolHaeOne Prince,S10,Flawless
SeolHaeOne Prince,S10,Keine
SeolHaeOne Prince,S10,Trigger
SeolHaeOne Prince,S10,Mia
SeolHaeOne Prince,S10,Kuma
SeolHaeOne Prince,S10,Cover
SeolHaeOne Prince,S10,Mickey
SeolHaeOne Prince,S10,Hybrid
SeolHaeOne Prince,S10,HyBrid
SeolHaeOne Prince,S10,Secret
T1,S10,Canna
T1,S10,Ellim
T1,S10,Faker
T1,S10,Gumayusi
T1,S10,Effort
T1,S10,Roach
T1,S10,Cuzz
T1,S10,Clozer
T1,S10,Teddy
T1,S10,Effort
T1,S10,Kuri
T1,S10,Teddy
Team Dynamics,S10,Rich
Team Dynamics,S10,Beyond
Team Dynamics,S10,Kuzan
Team Dynamics,S10,deokdam
Team Dynamics,S10,GuGer
Team Dynamics,S10,Jin0
Team Dynamics,S10,GuGer
Team Dynamics,S10,deokdam
Afreeca Freecs,S11,Kiin
Afreeca Freecs,S11,Dread
Afreeca Freecs,S11,Fly
Afreeca Freecs,S11,Leo
Afreeca Freecs,S11,Lehends
Afreeca Freecs,S11,Keine
Afreeca Freecs,S11,Bang
Afreeca Freecs,S11,Lehends
Afreeca Freecs,S11,Bang
Afreeca Freecs,S11,MapSSi
Afreeca Freecs,S11,Leo
DRX,S11,kingen
DRX,S11,Pyosik
DRX,S11,Jett
DRX,S11,Taeyoon
DRX,S11,Jun
DRX,S11,destroy
DRX,S11,Quad
DRX,S11,kingen
DRX,S11,BAO
DRX,S11,Pleata
DWG KIA,S11,Khan
DWG KIA,S11,Canyon
DWG KIA,S11,ShowMaker
DWG KIA,S11,Ghost
DWG KIA,S11,BeryL
DWG KIA,S11,Malrang
DWG KIA,S11,Canyon
DWG KIA,S11,BeryL
DWG KIA,S11,ShowMaker
DWG KIA,S11,Ghost
Fredit BRION,S11,Hoya
Fredit BRION,S11,UmTi
Fredit BRION,S11,Lava
Fredit BRION,S11,Hena
Fredit BRION,S11,Delight
Fredit BRION,S11,Chieftain
Fredit BRION,S11,Chieftain
Fredit BRION,S11,UmTi
Fredit BRION,S11,Yaharong
Fredit BRION,S11,Crescent
Gen.G eSports,S11,Rascal
Gen.G eSports,S11,Clid
Gen.G eSports,S11,Bdd
Gen.G eSports,S11,Ruler
Gen.G eSports,S11,Life
Gen.G eSports,S11,Burdol
Gen.G eSports,S11,Flawless
Gen.G eSports,S11,YoungJae
Gen.G eSports,S11,Karis
Gen.G eSports,S11,Life
Gen.G eSports,S11,Ruler
Hanwha Life eSports,S11,Morgan
Hanwha Life eSports,S11,Willer
Hanwha Life eSports,S11,Chovy
Hanwha Life eSports,S11,Deft
Hanwha Life eSports,S11,Vsta
Hanwha Life eSports,S11,DuDu
Hanwha Life eSports,S11,Mir
Hanwha Life eSports,S11,Yohan1
Hanwha Life eSports,S11,CAD
Hanwha Life eSports,S11,Vsta
Hanwha Life eSports,S11,Deft
KT Rolster,S11,Doran
KT Rolster,S11,blank
KT Rolster,S11,Dove
KT Rolster,S11,5Kid
KT Rolster,S11,Zzus
KT Rolster,S11,Castle
KT Rolster,S11,Bonnie
KT Rolster,S11,GIDEON
KT Rolster,S11,Ucal
KT Rolster,S11,Vicla
KT Rolster,S11,Noah
KT Rolster,S11,HyBrid
KT Rolster,S11,Zzus
KT Rolster,S11,Harp
KT Rolster,S11,Kice
KT Rolster,S11,Noah
KT Rolster,S11,Harp
Liiv SANDBOX,S11,Summit
Liiv SANDBOX,S11,Croco
Liiv SANDBOX,S11,FATE
Liiv SANDBOX,S11,Prince
Liiv SANDBOX,S11,Effort
Liiv SANDBOX,S11,OnFleek
Liiv SANDBOX,S11,Leo
Liiv SANDBOX,S11,Route
Nongshim RedForce,S11,Rich
Nongshim RedForce,S11,Peanut
Nongshim RedForce,S11,Gori
Nongshim RedForce,S11,deokdam
Nongshim RedForce,S11,Kellin
Nongshim RedForce,S11,DnDn
Nongshim RedForce,S11,Sylvie
Nongshim RedForce,S11,Bay
Nongshim RedForce,S11,FIESTA
Nongshim RedForce,S11,Bull
Nongshim RedForce,S11,Kellin
Nongshim RedForce,S11,Yusin
Nongshim RedForce,S11,deokdam
T1,S11,Canna
T1,S11,Oner
T1,S11,Faker
T1,S11,Gumayusi
T1,S11,Keria
T1,S11,Zeus
T1,S11,Ellim
T1,S11,Cuzz
T1,S11,Clozer
T1,S11,Teddy
T1,S11,Keria
T1,S11,Teddy
DRX,S12,kingen
DRX,S12,Pyosik
DRX,S12,Zeka
DRX,S12,Deft
DRX,S12,BeryL
DRX,S12,Clear
DRX,S12,Peach
DRX,S12,Juhan
DRX,S12,SeTab
DRX,S12,Taeyoon
DRX,S12,BeryL
DRX,S12,Jun
DRX,S12,Deft
DWG KIA,S12,Nuguri
DWG KIA,S12,Canyon
DWG KIA,S12,ShowMaker
DWG KIA,S12,deokdam
DWG KIA,S12,Kellin
DWG KIA,S12,Hoya
DWG KIA,S12,Burdol
DWG KIA,S12,Kellin
DWG KIA,S12,deokdam
DWG KIA,S12,Bible
Fredit BRION,S12,Morgan
Fredit BRION,S12,UmTi
Fredit BRION,S12,Lava
Fredit BRION,S12,Hena
Fredit BRION,S12,Delight
Fredit BRION,S12,Sw0rd
Fredit BRION,S12,Soboro
Fredit BRION,S12,Raptor
Fredit BRION,S12,Listo
Fredit BRION,S12,Feisty
Fredit BRION,S12,Gamin
Fredit BRION,S12,Loopy
Gen.G eSports,S12,Doran
Gen.G eSports,S12,Peanut
Gen.G eSports,S12,Chovy
Gen.G eSports,S12,Ruler
Gen.G eSports,S12,Lehends
Gen.G eSports,S12,Chovy
Gen.G eSports,S12,Zest
Gen.G eSports,S12,YoungJae
Gen.G eSports,S12,Quid
Gen.G eSports,S12,Ophelia
Gen.G eSports,S12,Ophelia
Gen.G eSports,S12,Lehends
Gen.G eSports,S12,Lospa
Gen.G eSports,S12,Ruler
Hanwha Life eSports,S12,DuDu
Hanwha Life eSports,S12,OnFleek
Hanwha Life eSports,S12,Karis
Hanwha Life eSports,S12,Hans SamD
Hanwha Life eSports,S12,Vsta
Hanwha Life eSports,S12,Guwon
Hanwha Life eSports,S12,Willer
Hanwha Life eSports,S12,Cheoni
Hanwha Life eSports,S12,Vsta
Hanwha Life eSports,S12,Baut
Hanwha Life eSports,S12,Hans SamD
KT Rolster,S12,Rascal
KT Rolster,S12,Cuzz
KT Rolster,S12,Vicla
KT Rolster,S12,Aiming
KT Rolster,S12,Life
KT Rolster,S12,GIDEON
KT Rolster,S12,Aria
KT Rolster,S12,Life
KT Rolster,S12,Aiming
Kwangdong Freecs,S12,Kiin
Kwangdong Freecs,S12,Ellim
Kwangdong Freecs,S12,FATE
Kwangdong Freecs,S12,Teddy
Kwangdong Freecs,S12,Hoit
Kwangdong Freecs,S12,Hoit
Kwangdong Freecs,S12,Moham
Kwangdong Freecs,S12,Moham
Kwangdong Freecs,S12,Teddy
Liiv SANDBOX,S12,Dove
Liiv SANDBOX,S12,Croco
Liiv SANDBOX,S12,Clozer
Liiv SANDBOX,S12,Prince
Liiv SANDBOX,S12,Kael
Liiv SANDBOX,S12,Clozer
Liiv SANDBOX,S12,Howling
Liiv SANDBOX,S12,HamBak
Liiv SANDBOX,S12,Dove
Liiv SANDBOX,S12,Ten10
Liiv SANDBOX,S12,Envyy
Liiv SANDBOX,S12,Ice
Liiv SANDBOX,S12,Kael
Liiv SANDBOX,S12,Ice
Liiv SANDBOX,S12,Prove
Nongshim RedForce,S12,Canna
Nongshim RedForce,S12,Dread
Nongshim RedForce,S12,Bdd
Nongshim RedForce,S12,Ghost
Nongshim RedForce,S12,Effort
Nongshim RedForce,S12,DnDn
Nongshim RedForce,S12,Dread
Nongshim RedForce,S12,Sylvie
Nongshim RedForce,S12,FIESTA
Nongshim RedForce,S12,Vital
Nongshim RedForce,S12,Effort
Nongshim RedForce,S12,Peter
Nongshim RedForce,S12,Dispel
Nongshim RedForce,S12,Ghost
Nongshim RedForce,S12,SnowFlower
T1,S12,Zeus
T1,S12,Oner
T1,S12,Faker
T1,S12,Gumayusi
T1,S12,Keria
T1,S12,Keria
T1,S12,Gumayusi
BRION,S13,Morgan
BRION,S13,UmTi
BRION,S13,Karis
BRION,S13,Hena
BRION,S13,Effort
BRION,S13,Ivory
Dplus KIA,S13,Canna
Dplus KIA,S13,Canyon
Dplus KIA,S13,ShowMaker
Dplus KIA,S13,Deft
Dplus KIA,S13,Kellin
Dplus KIA,S13,Rahel
Dplus KIA,S13,Bible
DRX,S13,Rascal
DRX,S13,Croco
DRX,S13,FATE
DRX,S13,Paduck
DRX,S13,BeryL
DRX,S13,Juhan
DRX,S13,Kyeahoo
DRX,S13,deokdam
DRX,S13,Pleata
Gen.G eSports,S13,Doran
Gen.G eSports,S13,Peanut
Gen.G eSports,S13,Chovy
Gen.G eSports,S13,Peyz
Gen.G eSports,S13,Delight
Hanwha Life eSports,S13,kingen
Hanwha Life eSports,S13,Grizzly
Hanwha Life eSports,S13,Zeka
Hanwha Life eSports,S13,Viper
Hanwha Life eSports,S13,Life
Hanwha Life eSports,S13,Clid
KT Rolster,S13,Kiin
KT Rolster,S13,Cuzz
KT Rolster,S13,Bdd
KT Rolster,S13,Aiming
KT Rolster,S13,Lehends
KT Rolster,S13,PerfecT
KT Rolster,S13,HamBak
KT Rolster,S13,Feisty
KT Rolster,S13,Hype
KT Rolster,S13,Way
Kwangdong Freecs,S13,DuDu
Kwangdong Freecs,S13,YoungJae
Kwangdong Freecs,S13,Bulldog
Kwangdong Freecs,S13,Taeyoon
Kwangdong Freecs,S13,Andil
Kwangdong Freecs,S13,Jun
Kwangdong Freecs,S13,Moham
Liiv SANDBOX,S13,Clear
Liiv SANDBOX,S13,Willer
Liiv SANDBOX,S13,Clozer
Liiv SANDBOX,S13,Teddy
Liiv SANDBOX,S13,Kael
Liiv SANDBOX,S13,Burdol
Liiv SANDBOX,S13,Envyy
Nongshim RedForce,S13,DnDn
Nongshim RedForce,S13,Sylvie
Nongshim RedForce,S13,FIESTA
Nongshim RedForce,S13,Jiwoo
Nongshim RedForce,S13,Peter
Nongshim RedForce,S13,Callme
Nongshim RedForce,S13,Quad
Nongshim RedForce,S13,Vital
T1,S13,Zeus
T1,S13,Oner
T1,S13,Faker
T1,S13,Gumayusi
T1,S13,Keria
T1,S13,Poby
T1,S13,Keria
T1,S13,Gumayusi
Dplus KIA,S14,kingen
Dplus KIA,S14,Lucid
Dplus KIA,S14,ShowMaker
Dplus KIA,S14,Aiming
Dplus KIA,S14,Moham
Dplus KIA,S14,Kellin
DRX,S14,Rascal
DRX,S14,Sponge
DRX,S14,SeTab
DRX,S14,Teddy
DRX,S14,Pleata
DRX,S14,Frog
DRX,S14,Kyeahoo
DRX,S14,Paduck
FearX,S14,Clear
FearX,S14,Raptor
FearX,S14,Clozer
FearX,S14,Hena
FearX,S14,Duro
FearX,S14,Willer
FearX,S14,Execute
Gen.G eSports,S14,Kiin
Gen.G eSports,S14,Canyon
Gen.G eSports,S14,Chovy
Gen.G eSports,S14,Peyz
Gen.G eSports,S14,Lehends
Hanwha Life eSports,S14,Doran
Hanwha Life eSports,S14,Peanut
Hanwha Life eSports,S14,Zeka
Hanwha Life eSports,S14,Viper
Hanwha Life eSports,S14,Delight
KT Rolster,S14,PerfecT
KT Rolster,S14,Pyosik
KT Rolster,S14,Bdd
KT Rolster,S14,Deft
KT Rolster,S14,BeryL
KT Rolster,S14,Casting
Kwangdong Freecs,S14,DuDu
Kwangdong Freecs,S14,Cuzz
Kwangdong Freecs,S14,Bulldog
Kwangdong Freecs,S14,Leaper
Kwangdong Freecs,S14,Andil
Kwangdong Freecs,S14,Taeyoon
Kwangdong Freecs,S14,Bull
Kwangdong Freecs,S14,Quantum
Nongshim RedForce,S14,Mihile
Nongshim RedForce,S14,Sylvie
Nongshim RedForce,S14,Fisher
Nongshim RedForce,S14,Jiwoo
Nongshim RedForce,S14,Vital
Nongshim RedForce,S14,DnDn
Nongshim RedForce,S14,Callme
Nongshim RedForce,S14,FIESTA
Nongshim RedForce,S14,Calix
Nongshim RedForce,S14,Peter
Nongshim RedForce,S14,GuGer
OK BRION,S14,Morgan
OK BRION,S14,YoungJae
OK BRION,S14,FATE
OK BRION,S14,Samver
OK BRION,S14,Pollu
OK BRION,S14,GIDEON
OK BRION,S14,DDoiV
OK BRION,S14,Karis
OK BRION,S14,Pullbae
OK BRION,S14,Envyy
OK BRION,S14,Effort
T1,S14,Zeus
T1,S14,Oner
T1,S14,Faker
T1,S14,Gumayusi
T1,S14,Keria
T1,S14,Guwon
